Assembly	Collection	Best_match_locus	Capsule_group	Confidence	Norm_AS	Genes_found	Genes_expected	Gene_coverage	Raw_AS	Typeable
ERR4920074	Barnards	KL302	G1/G4	Moderate	1.7854	31	34	91.20%	54552	TRUE
ERR4920075	Barnards	KL301	G1/G4	Moderate	1.5127	25	33	75.80%	45840	TRUE
ERR4920076	Barnards	KL302	G1/G4	Moderate	1.8401	33	34	97.10%	56224	TRUE
ERR4920077	Barnards	KL391	G1/G4	High	2	30	30	100.00%	64284	TRUE
ERR4920078	Barnards	KL96	G2/G3	High	1.9991	17	17	100.00%	41016	TRUE
ERR4920079	Barnards	KL3	G2/G3	High	1.9875	21	21	100.00%	50376	TRUE
ERR4920080	Barnards	KL337	G1/G4	Moderate	1.69	34	38	89.50%	48250	TRUE
ERR4920081	Barnards	KL302	G1/G4	Moderate	1.8462	33	34	97.10%	56410	TRUE
ERR4920082	Barnards	KL302	G1/G4	Moderate	1.8355	33	34	97.10%	56084	TRUE
ERR4920083	Barnards	KL302	G1/G4	Moderate	1.8355	33	34	97.10%	56084	TRUE
ERR4920084	Barnards	KL12	G2/G3	High	2	12	12	100.00%	32064	TRUE
ERR4920085	Barnards	KL12	G2/G3	High	2	12	12	100.00%	32064	TRUE
ERR4920086	Barnards	KL391	G1/G4	Moderate	1.8609	30	30	100.00%	59814	TRUE
ERR4920087	Barnards	KL301	G1/G4	Moderate	1.8378	30	33	90.90%	55690	TRUE
ERR4920088	Barnards	KL337	G1/G4	Moderate	1.6282	34	38	89.50%	46486	TRUE
ERR4920089	Barnards	KL352	G1/G4	Moderate	1.8819	27	27	100.00%	56614	TRUE
ERR4920090	Barnards	KL1	G2/G3	High	1.9229	14	14	100.00%	30188	TRUE
ERR4920091	Barnards	KL302	G1/G4	Moderate	1.8083	33	34	97.10%	55254	TRUE
ERR4920092	Barnards	KL337	G1/G4	Moderate	1.5727	32	38	84.20%	44902	TRUE
ERR4920093	Barnards	KL12	G2/G3	High	1.9996	12	12	100.00%	32058	TRUE
ERR4920094	Barnards	KL130	G2/G3	High	1.9839	13	13	100.00%	27538	TRUE
ERR4920095	Barnards	KL303	G1/G4	Moderate	1.5357	36	40	90.00%	45610	TRUE
ERR4920096	Barnards	KL302	G1/G4	Moderate	1.8256	33	34	97.10%	55782	TRUE
ERR4920097	Barnards	KL130	G2/G3	High	1.9614	13	13	100.00%	27226	TRUE
ERR4920098	Barnards	KL302	G1/G4	Moderate	1.8238	33	34	97.10%	55726	TRUE
ERR4920099	Barnards	KL10	G2/G3	High	1.9948	17	17	100.00%	40304	TRUE
ERR4920100	Barnards	KL302	G1/G4	Moderate	1.7533	31	34	91.20%	53572	TRUE
ERR4920101	Barnards	KL2	G2/G3	High	1.9883	13	13	100.00%	33254	TRUE
ERR4920102	Barnards	KL3	G2/G3	High	1.9875	21	21	100.00%	50376	TRUE
ERR4920103	Barnards	KL303	G1/G4	Moderate	1.5281	35	40	87.50%	45385	TRUE
ERR4920104	Barnards	KL138	G2/G3	Moderate	1.8139	11	12	91.70%	27268	TRUE
ERR4920105	Barnards	KL127	G2/G3	High	1.9982	14	14	100.00%	28348	TRUE
ERR4920106	Barnards	KL174	G2/G3	Moderate	1.8406	15	15	100.00%	28012	TRUE
ERR4920107	Barnards	KL127	G2/G3	High	1.9982	14	14	100.00%	28348	TRUE
ERR4920108	Barnards	KL12	G2/G3	High	1.9689	12	12	100.00%	31566	TRUE
ERR4920109	Barnards	KL302	G1/G4	Moderate	1.8007	33	34	97.10%	55020	TRUE
ERR4920110	Barnards	KL138	G2/G3	High	1.9721	12	12	100.00%	29646	TRUE
ERR4920111	Barnards	KL2	G2/G3	High	1.9982	13	13	100.00%	33420	TRUE
ERR4920112	Barnards	KL2	G2/G3	Moderate	1.8481	13	13	100.00%	30910	TRUE
ERR4920113	Barnards	KL302	G1/G4	Moderate	1.821	33	34	97.10%	55642	TRUE
ERR4920114	Barnards	KL302	G1/G4	Moderate	1.821	33	34	97.10%	55642	TRUE
ERR4920115	Barnards	KL351	G1/G4	Moderate	1.8841	27	27	100.00%	53956	TRUE
ERR4920116	Barnards	KL302	G1/G4	Moderate	1.8055	33	34	97.10%	55168	TRUE
ERR4920117	Barnards	KL308	G1/G4	Moderate	1.5208	36	50	72.00%	55156	TRUE
ERR4920118	Barnards	KL302	G1/G4	Moderate	1.8272	33	34	97.10%	55830	TRUE
ERR4920119	Barnards	KL158	G2/G3	Moderate	1.8932	10	10	100.00%	20146	TRUE
ERR4920120	Barnards	KL301	G1/G4	Moderate	1.8492	31	33	93.90%	56036	TRUE
ERR4920121	Barnards	KL382	G1/G4	Moderate	1.8919	25	25	100.00%	49992	TRUE
ERR4920122	Barnards	KL302	G1/G4	Moderate	1.7788	31	34	91.20%	54350	TRUE
ERR4920123	Barnards	KL386	G1/G4	Moderate	1.8476	25	25	100.00%	47374	TRUE
ERR4920124	Barnards	KL174	G2/G3	Moderate	1.8409	14	15	93.30%	28016	TRUE
ERR4920125	Barnards	KL302	G1/G4	Moderate	1.8465	33	34	97.10%	56420	TRUE
ERR4920126	Barnards	KL2	G2/G3	High	1.9986	13	13	100.00%	33426	TRUE
ERR4920127	Barnards	KL301	G1/G4	Moderate	1.7289	29	33	87.90%	52392	TRUE
ERR4920128	Barnards	KL303	G1/G4	Moderate	1.5587	36	40	90.00%	46294	TRUE
ERR4920129	Barnards	KL302	G1/G4	Moderate	1.8081	33	34	97.10%	55248	TRUE
ERR4920130	Barnards	KL303	G1/G4	Moderate	1.552	35	40	87.50%	46094	TRUE
ERR4920131	Barnards	KL303	G1/G4	Low	1.4941	35	40	87.50%	44374	TRUE
ERR4920132	Barnards	KL302	G1/G4	Moderate	1.7545	31	34	91.20%	53610	TRUE
ERR4920133	Barnards	KL127	G2/G3	High	1.976	14	14	100.00%	28034	TRUE
ERR4920134	Barnards	KL302	G1/G4	Moderate	1.8247	33	34	97.10%	55754	TRUE
ERR4920135	Barnards	KL386	G1/G4	Moderate	1.8671	25	25	100.00%	47874	TRUE
ERR4920136	Barnards	KL302	G1/G4	Moderate	1.7927	33	34	97.10%	54776	TRUE
ERR4920137	Barnards	KL302	G1/G4	Moderate	1.8247	33	34	97.10%	55754	TRUE
ERR4920138	Barnards	KL301	G1/G4	Moderate	1.6816	29	33	87.90%	50958	TRUE
ERR4920139	Barnards	KL302	G1/G4	Moderate	1.7522	31	34	91.20%	53538	TRUE
ERR4920140	Barnards	KL302	G1/G4	Moderate	1.8296	33	34	97.10%	55902	TRUE
ERR4920141	Barnards	KL127	G2/G3	High	1.9977	14	14	100.00%	28342	TRUE
ERR4920142	Barnards	KL337	G1/G4	Moderate	1.7041	34	38	89.50%	48654	TRUE
ERR4920143	Barnards	KL302	G1/G4	Moderate	1.7521	31	34	91.20%	53536	TRUE
ERR4920144	Barnards	KL120	G2/G3	High	1.9272	10	10	100.00%	26544	TRUE
ERR4920145	Barnards	KL329	G1/G4	High	1.9997	44	44	100.00%	66176	TRUE
ERR4920146	Barnards	KL329	G1/G4	High	1.9997	44	44	100.00%	66176	TRUE
ERR4920147	Barnards	KL127	G2/G3	High	1.9982	14	14	100.00%	28348	TRUE
ERR4920148	Barnards	KL127	G2/G3	Moderate	1.8917	14	14	100.00%	26838	TRUE
02593B1_complete	MRCG	KL337	G1/G4	Low	0.8568	22	38	57.90%	24462	TRUE
02604B1_complete	MRCG	KL12	G2/G3	High	1.9996	12	12	100.00%	32058	TRUE
02627B1_complete	MRCG	KL329	G1/G4	High	1.9997	44	44	100.00%	66176	TRUE
03114B1_incomplete	MRCG	KL302	G1/G4	Moderate	1.7982	33	34	97.10%	54944	TRUE
03192B1_complete	MRCG	KL1	G2/G3	High	1.9591	14	14	100.00%	30756	TRUE
04547B1_incomplete	MRCG	KL127	G2/G3	High	1.9494	14	14	100.00%	27656	TRUE
05211B1_complete	MRCG	KL12	G2/G3	High	1.9993	12	12	100.00%	32052	TRUE
05826B1_incomplete	MRCG	KL2	G2/G3	Moderate	1.8578	13	13	100.00%	31072	TRUE
11689B1_complete	MRCG	KL2	G2/G3	High	1.9982	13	13	100.00%	33420	TRUE
11716B1_complete	MRCG	KL2	G2/G3	High	1.9475	13	13	100.00%	32572	TRUE
13431B1_complete	MRCG	KL379	G1/G4	High	1.9944	25	25	100.00%	52436	TRUE
13447B1_complete	MRCG	KL301	G1/G4	Moderate	1.7766	29	33	87.90%	53836	TRUE
19081B1_incomplete	MRCG	KL52	G2/G3	High	2	14	14	100.00%	38394	TRUE
19082B1_incomplete	MRCG	KL117	G2/G3	High	1.9987	10	10	100.00%	27546	TRUE
22534B1_complete	MRCG	KL96	G2/G3	High	1.9988	17	17	100.00%	41010	TRUE
22683B1_incomplete	MRCG	KL327	G1/G4	High	1.9146	33	33	100.00%	58752	TRUE
23447B1_incomplete	MRCG	KL2	G2/G3	High	1.9982	13	13	100.00%	33420	TRUE
24144B1_complete	MRCG	KL300	G1/G4	Moderate	1.7304	27	30	90.00%	58656	TRUE
27336B1_complete	MRCG	KL300	G1/G4	Moderate	1.7304	27	30	90.00%	58656	TRUE
27823B1_complete	MRCG	KL7	G2/G3	High	1.999	15	15	100.00%	34494	TRUE
27902B1_incomplete	MRCG	KL121	G2/G3	Low	1.3441	6	9	66.70%	13726	TRUE
28206B1_complete	MRCG	KL2	G2/G3	High	1.9982	13	13	100.00%	33420	TRUE
29598B1_incomplete	MRCG	KL302	G1/G4	Moderate	1.8166	33	34	97.10%	55506	TRUE
29657B1_complete	MRCG	KL363	G1/G4	Moderate	1.8987	26	26	100.00%	54670	TRUE
29769B1_incomplete	MRCG	KL52	G2/G3	High	1.9925	14	14	100.00%	38250	TRUE
32237B1_incomplete	MRCG	KL124	G2/G3	Moderate	1.8948	11	11	100.00%	27546	TRUE
32400B1_complete	MRCG	KL127	G2/G3	High	1.9507	14	14	100.00%	27674	TRUE
32446B1_complete	MRCG	KL1	G2/G3	High	1.9599	14	14	100.00%	30768	TRUE
33498B1_complete	MRCG	KL2	G2/G3	High	1.9982	13	13	100.00%	33420	TRUE
33572B1_complete	MRCG	KL138	G2/G3	High	1.9973	12	12	100.00%	30026	TRUE
38857B1_complete	MRCG	KL128	G2/G3	High	1.9821	11	11	100.00%	27294	TRUE
43158B1_complete	MRCG	KL117	G2/G3	High	1.9991	10	10	100.00%	27552	TRUE
BN01777I1_incomplete	MRCG	KL121	G2/G3	Low	1.3416	6	9	66.70%	13700	TRUE
BN01897I1_incomplete	MRCG	KL337	G1/G4	Moderate	1.5813	32	38	84.20%	45148	TRUE
BN02435I1_incomplete	MRCG	KL302	G1/G4	Moderate	1.5932	30	34	88.20%	48680	TRUE
BN02448I1_complete	MRCG	KL130	G2/G3	High	1.9601	13	13	100.00%	27208	TRUE
BN02530I1_incomplete	MRCG	KL379	G1/G4	High	1.9085	25	25	100.00%	50178	TRUE
BN03019I1_complete	MRCG	KL2	G2/G3	Moderate	1.8578	13	13	100.00%	31072	TRUE
BN03194I1_complete	MRCG	KL2	G2/G3	Moderate	1.8578	13	13	100.00%	31072	TRUE
BN03418I1_incomplete	MRCG	KL379	G1/G4	High	1.9592	25	25	100.00%	51512	TRUE
BN03501I1_incomplete	MRCG	KL2	G2/G3	Moderate	1.8578	13	13	100.00%	31072	TRUE
BN03523I1_incomplete	MRCG	KL300	G1/G4	Low	1.394	22	30	73.30%	47254	TRUE
BN04497I1_complete	MRCG	KL302	G1/G4	Moderate	1.7718	33	34	97.10%	54138	TRUE
BN04654I1_incomplete	MRCG	KL2	G2/G3	Moderate	1.8578	13	13	100.00%	31072	TRUE
BN04724I1_complete	MRCG	KL305	G1/G4	High	1.9993	47	47	100.00%	81216	TRUE
BN05136I1_incomplete	MRCG	KL130	G2/G3	High	1.9728	13	13	100.00%	27384	TRUE
BN05398I1_incomplete	MRCG	KL2	G2/G3	High	1.9986	13	13	100.00%	33426	TRUE
BN06265I1_complete	MRCG	KL2	G2/G3	High	1.9986	13	13	100.00%	33426	TRUE
BN06417I1_incomplete	MRCG	KL300	G1/G4	Moderate	1.7427	26	30	86.70%	59072	TRUE
BN06519I1_complete	MRCG	KL2	G2/G3	High	1.9986	13	13	100.00%	33426	TRUE
BN06536I1_complete	MRCG	KL379	G1/G4	High	1.9953	25	25	100.00%	52460	TRUE
BN06790I1_incomplete	MRCG	KL302	G1/G4	Moderate	1.838	33	34	97.10%	56160	TRUE
BN07404I1_incomplete	MRCG	KL3	G2/G3	High	1.9865	21	21	100.00%	50352	TRUE
BN07627I1_incomplete	MRCG	KL1	G2/G3	High	1.9989	14	14	100.00%	31380	TRUE
BN07951I1_complete	MRCG	KL130	G2/G3	High	1.9856	13	13	100.00%	27562	TRUE
BN08047I1_complete	MRCG	KL2	G2/G3	High	1.9974	13	13	100.00%	33406	TRUE
BN08560I1_incomplete	MRCG	KL302	G1/G4	Moderate	1.8081	33	34	97.10%	55248	TRUE
BN08566I1_complete	MRCG	KL302	G1/G4	Moderate	1.8103	33	34	97.10%	55314	TRUE
BN08697I1_complete	MRCG	KL336	G1/G4	High	1.9578	28	28	100.00%	60408	TRUE
BS10839I1_complete	MRCG	KL114	G2/G3	High	1.9952	11	11	100.00%	24768	TRUE
BS11980I1_complete	MRCG	KL130	G2/G3	High	1.9843	13	13	100.00%	27544	TRUE
BS11992I1_complete	MRCG	KL130	G2/G3	High	1.9843	13	13	100.00%	27544	TRUE
BS12249I1_complete	MRCG	KL130	G2/G3	High	1.9692	13	13	100.00%	27334	TRUE
BS12589I1_complete	MRCG	KL2	G2/G3	High	1.9986	13	13	100.00%	33426	TRUE
BS12611I1_complete	MRCG	KL305	G1/G4	High	1.9993	47	47	100.00%	81216	TRUE
BS12630I1_complete	MRCG	KL130	G2/G3	High	1.9709	13	13	100.00%	27358	TRUE
BS12952I1_complete	MRCG	KL301	G1/G4	Moderate	1.7766	29	33	87.90%	53836	TRUE
BS13024I1_complete	MRCG	KL305	G1/G4	High	1.9993	47	47	100.00%	81216	TRUE
BS13052I1_incomplete	MRCG	KL130	G2/G3	High	1.9366	13	13	100.00%	26882	TRUE
BS13129I1_complete	MRCG	KL305	G1/G4	High	1.9993	47	47	100.00%	81216	TRUE
BS13132I1_incomplete	MRCG	KL130	G2/G3	High	1.9718	13	13	100.00%	27370	TRUE
BS13375I1_incomplete	MRCG	KL130	G2/G3	High	1.9703	13	13	100.00%	27350	TRUE
BS13377I1_incomplete	MRCG	KL302	G1/G4	Moderate	1.8363	33	34	97.10%	56108	TRUE
BS13488I1_incomplete	MRCG	KL130	G2/G3	High	1.9709	13	13	100.00%	27358	TRUE
BS13775I1_incomplete	MRCG	KL302	G1/G4	Moderate	1.7533	31	34	91.20%	53572	TRUE
BS14301I1_incomplete	MRCG	KL118	G2/G3	Moderate	1.8781	12	12	100.00%	26470	TRUE
BS14827I1_incomplete	MRCG	KL127	G2/G3	High	1.9977	14	14	100.00%	28342	TRUE
BS15452I1_incomplete	MRCG	KL130	G2/G3	High	1.9588	13	13	100.00%	27190	TRUE
BS15909I1_incomplete	MRCG	KL379	G1/G4	High	1.9808	25	25	100.00%	52078	TRUE
BS17304I1_complete	MRCG	KL12	G2/G3	High	2	12	12	100.00%	32064	TRUE
BS17350I1_incomplete	MRCG	KL93	G2/G3	Moderate	1.8987	15	15	100.00%	36478	TRUE
BS18501I1_incomplete	MRCG	KL1	G2/G3	High	1.9591	14	14	100.00%	30756	TRUE
BS19299I1_complete	MRCG	KL130	G2/G3	High	1.9722	13	13	100.00%	27376	TRUE
BS19355I1_complete	MRCG	KL302	G1/G4	Moderate	1.8349	33	34	97.10%	56064	TRUE
BS19428I1_complete	MRCG	KL96	G2/G3	High	1.9991	17	17	100.00%	41016	TRUE
BS20257I1_incomplete	MRCG	KL2	G2/G3	High	1.9964	13	13	100.00%	33390	TRUE
BS20407I1_incomplete	MRCG	KL302	G1/G4	Moderate	1.8306	33	34	97.10%	55934	TRUE
BS20621I1_complete	MRCG	KL138	G2/G3	High	1.9993	12	12	100.00%	30056	TRUE
BS20855I1_incomplete	MRCG	KL2	G2/G3	High	1.9986	13	13	100.00%	33426	TRUE
BS20867I1_incomplete	MRCG	KL2	G2/G3	High	1.9982	13	13	100.00%	33420	TRUE
BS21404I1_incomplete	MRCG	KL302	G1/G4	Moderate	1.8021	33	34	97.10%	55062	TRUE
BS21490I1_complete	MRCG	KL138	G2/G3	High	1.9993	12	12	100.00%	30056	TRUE
BS21503I1_complete	MRCG	KL2	G2/G3	High	1.9986	13	13	100.00%	33426	TRUE
BS21992I1_complete	MRCG	KL302	G1/G4	Moderate	1.8372	33	34	97.10%	56136	TRUE
BS22334I1_incomplete	MRCG	KL379	G1/G4	High	1.9948	25	25	100.00%	52448	TRUE
BS22559I1_incomplete	MRCG	KL12	G2/G3	High	1.9778	12	12	100.00%	31708	TRUE
BS22832I1_incomplete	MRCG	KL379	G1/G4	High	1.9923	25	25	100.00%	52382	TRUE
BS22957I1_complete	MRCG	KL2	G2/G3	High	1.9978	13	13	100.00%	33414	TRUE
BS22995I1_complete	MRCG	KL1	G2/G3	High	1.9992	14	14	100.00%	31386	TRUE
BS23040I1_complete	MRCG	KL379	G1/G4	High	1.9944	25	25	100.00%	52436	TRUE
BS23116I1_incomplete	MRCG	KL12	G2/G3	High	1.9848	12	12	100.00%	31820	TRUE
BS23835I1_complete	MRCG	KL130	G2/G3	High	1.9843	13	13	100.00%	27544	TRUE
BS24340I1_complete	MRCG	KL130	G2/G3	High	1.9852	13	13	100.00%	27556	TRUE
BS24664I1_complete	MRCG	KL302	G1/G4	Moderate	1.8246	33	34	97.10%	55752	TRUE
BS25445I1_incomplete	MRCG	KL1	G2/G3	High	1.9968	14	14	100.00%	31348	TRUE
BS25482I1_incomplete	MRCG	KL2	G2/G3	Moderate	1.8578	13	13	100.00%	31072	TRUE
BS25919I1_incomplete	MRCG	KL379	G1/G4	High	1.9955	25	25	100.00%	52466	TRUE
BS26331I1_complete	MRCG	KL361	G1/G4	High	1.9468	28	28	100.00%	55812	TRUE
BS27211I1_complete	MRCG	KL2	G2/G3	Moderate	1.8578	13	13	100.00%	31072	TRUE
BS27332I1_incomplete	MRCG	KL305	G1/G4	High	1.9991	47	47	100.00%	81210	TRUE
BS28697I1_complete	MRCG	KL2	G2/G3	High	1.9982	13	13	100.00%	33420	TRUE
BS28789I1_complete	MRCG	KL96	G2/G3	High	1.9991	17	17	100.00%	41016	TRUE
BS29182I1_complete	MRCG	KL16	G2/G3	High	1.9991	11	11	100.00%	27216	TRUE
BS29858I1_complete	MRCG	KL1	G2/G3	High	1.9557	14	14	100.00%	30702	TRUE
BS30408I1_complete	MRCG	KL130	G2/G3	High	1.9597	13	13	100.00%	27202	TRUE
BS30625I1_complete	MRCG	KL52	G2/G3	High	1.9991	14	14	100.00%	38376	TRUE
BS30644I1_complete	MRCG	KL319	G1/G4	High	1.9833	28	28	100.00%	63028	TRUE
BS30785I1_complete	MRCG	KL337	G1/G4	Low	1.4647	30	38	78.90%	41818	TRUE
BS30922I1_complete	MRCG	KL2	G2/G3	Moderate	1.8578	13	13	100.00%	31072	TRUE
BS30924I1_complete	MRCG	KL2	G2/G3	High	1.9978	13	13	100.00%	33414	TRUE
BS31928I1_incomplete	MRCG	KL20	G2/G3	High	1.9907	11	11	100.00%	26618	TRUE
BS32081I1_incomplete	MRCG	KL302	G1/G4	Moderate	1.7522	31	34	91.20%	53538	TRUE
BS32093I1_complete	MRCG	KL130	G2/G3	High	1.9882	13	13	100.00%	27598	TRUE
BS32600I1_complete	MRCG	KL15	G2/G3	High	1.9765	15	15	100.00%	30816	TRUE
BS32741I1_incomplete	MRCG	KL2	G2/G3	High	1.9977	13	13	100.00%	33412	TRUE
BS32793I1_incomplete	MRCG	KL2	G2/G3	High	1.9986	13	13	100.00%	33426	TRUE
BS33009I1_incomplete	MRCG	KL114	G2/G3	Moderate	1.8503	11	11	100.00%	22970	TRUE
BS33127I1_incomplete	MRCG	KL117	G2/G3	High	1.9991	10	10	100.00%	27552	TRUE
BS34375I1_incomplete	MRCG	KL2	G2/G3	Moderate	1.8573	13	13	100.00%	31064	TRUE
BS34485I1_incomplete	MRCG	KL174	G2/G3	Moderate	1.8318	15	15	100.00%	27878	TRUE
FF31_01-0001-00.1	Mbira	KL1	G2/G3	Moderate	1.6028	13	14	92.90%	25162	TRUE
FF31_01-0002-00.1	Mbira	KL329	G1/G4	High	1.9993	44	44	100.00%	66164	TRUE
FF31_01-0022-00.1	Mbira	KL379	G1/G4	High	1.9885	25	25	100.00%	52282	TRUE
FF31_01-0044-00.1	Mbira	KL303	G1/G4	Low	1.3634	32	40	80.00%	40493	TRUE
FF31_01-0060-00-ESC.1	Mbira	KL158	G2/G3	Low	0.6003	5	10	50.00%	6388	TRUE
FF31_01-0079-00.1	Mbira	KL127	G2/G3	High	1.988	14	14	100.00%	28204	TRUE
FF31_01-0081-00.1	Mbira	KL127	G2/G3	Low	0.7114	8	14	57.10%	10092	TRUE
FF31_01-0085-00.1	Mbira	KL329	G1/G4	High	1.9997	44	44	100.00%	66176	TRUE
FF31_01-0094-00.1	Mbira	KL138	G2/G3	High	1.9993	12	12	100.00%	30056	TRUE
FF31_01-0103-00.1	Mbira	KL52	G2/G3	High	2	14	14	100.00%	38394	TRUE
FF31_01-0120-00.1	Mbira	KL142	G2/G3	High	1.9228	11	11	100.00%	28358	TRUE
FF32_04-0145-00	Mbira	KL303	G1/G4	Low	1.3456	33	40	82.50%	39963	TRUE
FF32_04-0146-00-A.1	Mbira	KL127	G2/G3	High	1.9977	14	14	100.00%	28342	TRUE
FF32_04-0147-00.1	Mbira	KL143	G2/G3	High	1.9846	19	19	100.00%	47250	TRUE
FF33_06-0033-00	Mbira	KL130	G2/G3	Moderate	1.7234	13	13	100.00%	23922	TRUE
FF33_06-0037-00	Mbira	KL303	G1/G4	Low	1.304	34	40	85.00%	38728	TRUE
FF33_06-0038-00	Mbira	KL96	G2/G3	High	1.9991	17	17	100.00%	41016	TRUE
FF33_06-0053-00	Mbira	KL319	G1/G4	High	1.9021	28	28	100.00%	60448	TRUE
FF33_06-0064-00	Mbira	KL96	G2/G3	High	1.9991	17	17	100.00%	41016	TRUE
FF33_06-0093-00	Mbira	KL329	G1/G4	High	1.9995	44	44	100.00%	66170	TRUE
FF33_06-0108-00	Mbira	KL1	G2/G3	High	1.9992	14	14	100.00%	31386	TRUE
FF33_06-0125-00	Mbira	KL302	G1/G4	Moderate	1.7786	31	34	91.20%	54344	TRUE
FF33_06-0131-00	Mbira	KL127	G2/G3	High	1.9982	14	14	100.00%	28348	TRUE
FF34_10-0066-00	Mbira	KL337	G1/G4	Moderate	1.6479	32	38	84.20%	47048	TRUE
FF34_10-0106-00	Mbira	KL127	G2/G3	High	1.9973	14	14	100.00%	28336	TRUE
FF34_10-0107-00-B	Mbira	KL336	G1/G4	High	1.9605	28	28	100.00%	60490	TRUE
FF34_10-0108-00	Mbira	KL138	G2/G3	High	1.9972	12	12	100.00%	30024	TRUE
FF35_08-0015-00	Mbira	KL303	G1/G4	Moderate	1.5133	34	40	85.00%	44944	TRUE
FF35_08-0016-00-A	Mbira	KL302	G1/G4	Moderate	1.8741	33	34	97.10%	57262	TRUE
FF35_08-0026-00	Mbira	KL131	G2/G3	High	1.9957	13	13	100.00%	33474	TRUE
FF35_08-0089-00-A	Mbira	KL13	G2/G3	High	2	10	10	100.00%	26730	TRUE
FF35_08-0117-00	Mbira	KL323	G1/G4	High	1.9019	32	32	100.00%	61696	TRUE
FF35_08-0140-00B	Mbira	KL302	G1/G4	Moderate	1.8347	33	34	97.10%	56060	TRUE
FF35_08-0152-00	Mbira	KL301	G1/G4	Moderate	1.5019	25	33	75.80%	45512	TRUE
FF36_11-0002-00	Mbira	KL329	G1/G4	High	1.9991	44	44	100.00%	66156	TRUE
FF36_11-0006-00	Mbira	KL52	G2/G3	High	1.9991	14	14	100.00%	38376	TRUE
FF36_11-0041-00	Mbira	KL114	G2/G3	High	1.9995	11	11	100.00%	24822	TRUE
FF36_11-0095-00	Mbira	KL303	G1/G4	Low	1.4593	31	40	77.50%	43340	TRUE
FF36_11-0096-00	Mbira	KL301	G1/G4	Moderate	1.8407	32	33	97.00%	55778	TRUE
FF36_11-0101-00	Mbira	KL2	G2/G3	High	1.9986	13	13	100.00%	33426	TRUE
FF36_11-0114-00-B	Mbira	KL302	G1/G4	Moderate	1.8083	33	34	97.10%	55254	TRUE
FF36_11-0124-00	Mbira	KL303	G1/G4	Low	1.4593	31	40	77.50%	43340	TRUE
FF36_11-0125-00	Mbira	KL130	G2/G3	High	1.9718	13	13	100.00%	27370	TRUE
FF36_11-0133-00	Mbira	KL12	G2/G3	High	1.9996	12	12	100.00%	32058	TRUE
FF36_11-0142-00	Mbira	KL7	G2/G3	Moderate	1.8985	15	15	100.00%	32760	TRUE
FF36_11-0150-00	Mbira	KL329	G1/G4	High	1.9997	44	44	100.00%	66176	TRUE
FF36_11-0165-00	Mbira	KL362	G1/G4	Moderate	1.8859	26	26	100.00%	54494	TRUE
FF36_11-0167-00	Mbira	KL361	G1/G4	Moderate	1.8716	28	28	100.00%	53656	TRUE
FFKC_006EC.1	Mbira	KL168	G2/G3	Moderate	1.8225	18	18	100.00%	39438	TRUE
FFKC_011EC.1	Mbira	KL371	G1/G4	High	1.9343	25	25	100.00%	52668	TRUE
FFKC_021EC.1	Mbira	KL1	G2/G3	High	1.9992	14	14	100.00%	31386	TRUE
FFKC_109EC.1	Mbira	KL348	G1/G4	Moderate	1.757	27	27	100.00%	52050	TRUE
FFKC_10BEC.1	Mbira	KL127	G2/G3	High	1.9973	14	14	100.00%	28336	TRUE
FFKC_111EC.1	Mbira	KL130	G2/G3	High	1.986	13	13	100.00%	27568	TRUE
FFKC_116EC.1	Mbira	KL20	G2/G3	High	1.999	11	11	100.00%	26728	TRUE
FFKC_119EC.1	Mbira	KL14	G2/G3	High	1.9239	11	11	100.00%	25638	TRUE
FFKC_310SA.1	Mbira	KL7	G2/G3	High	1.9405	15	15	100.00%	33486	TRUE
ERR10894018	Mlw	KL52	G2/G3	High	1.9991	14	14	100.00%	38376	TRUE
ERR11506654	Mlw	KL135	G2/G3	High	1.9963	11	11	100.00%	25824	TRUE
ERR11506655	Mlw	KL96	G2/G3	High	1.9988	17	17	100.00%	41010	TRUE
ERR11506656	Mlw	KL12	G2/G3	High	2	12	12	100.00%	32064	TRUE
ERR11506657	Mlw	KL2	G2/G3	High	1.9989	13	13	100.00%	33432	TRUE
ERR11506658	Mlw	KL12	G2/G3	High	1.9996	12	12	100.00%	32058	TRUE
ERR11506659	Mlw	KL117	G2/G3	High	1.9991	10	10	100.00%	27552	TRUE
ERR11506660	Mlw	KL2	G2/G3	High	1.9982	13	13	100.00%	33420	TRUE
ERR11506661	Mlw	KL302	G1/G4	Moderate	1.792	31	34	91.20%	54754	TRUE
ERR11506663	Mlw	KL329	G1/G4	Moderate	1.5444	34	44	77.30%	51108	TRUE
ERR11506664	Mlw	KL82	G2/G3	High	2	11	11	100.00%	26544	TRUE
ERR11506665	Mlw	KL302	G1/G4	Moderate	1.8333	33	34	97.10%	56018	TRUE
ERR11506667	Mlw	KL379	G1/G4	High	1.938	25	25	100.00%	50954	TRUE
ERR11506668	Mlw	KL96	G2/G3	High	1.9991	17	17	100.00%	41016	TRUE
ERR11506669	Mlw	KL303	G1/G4	Moderate	1.5351	36	40	90.00%	45592	TRUE
ERR11506670	Mlw	KL96	G2/G3	High	1.9988	17	17	100.00%	41010	TRUE
ERR11506672	Mlw	KL130	G2/G3	High	1.986	13	13	100.00%	27568	TRUE
ERR11506674	Mlw	KL52	G2/G3	High	1.9991	14	14	100.00%	38376	TRUE
ERR11506676	Mlw	KL1	G2/G3	High	1.9992	14	14	100.00%	31386	TRUE
ERR11506678	Mlw	KL130	G2/G3	High	1.9718	13	13	100.00%	27370	TRUE
ERR11506684	Mlw	KL302	G1/G4	Moderate	1.8329	33	34	97.10%	56004	TRUE
ERR11506686	Mlw	KL127	G2/G3	High	1.9986	14	14	100.00%	28354	TRUE
ERR11506687	Mlw	KL52	G2/G3	High	1.9207	14	14	100.00%	36872	TRUE
ERR11506688	Mlw	KL303	G1/G4	Moderate	1.5369	36	40	90.00%	45646	TRUE
ERR11506689	Mlw	KL388	G1/G4	Moderate	1.8948	30	30	100.00%	60198	TRUE
ERR11506690	Mlw	KL152	G2/G3	High	1.9998	19	19	100.00%	48024	TRUE
ERR11506691	Mlw	KL306	G1/G4	High	1.9901	31	31	100.00%	62904	TRUE
ERR11506692	Mlw	KL302	G1/G4	Moderate	1.7786	31	34	91.20%	54344	TRUE
ERR11506693	Mlw	KL301	G1/G4	Moderate	1.8956	32	33	97.00%	57442	TRUE
ERR11506694	Mlw	KL2	G2/G3	High	1.9986	13	13	100.00%	33426	TRUE
ERR11506695	Mlw	KL302	G1/G4	Moderate	1.7918	31	34	91.20%	54748	TRUE
ERR11506696	Mlw	KL131	G2/G3	High	1.9921	13	13	100.00%	33414	TRUE
ERR11506697	Mlw	KL302	G1/G4	Moderate	1.8457	33	34	97.10%	56394	TRUE
ERR11506698	Mlw	KL332	G1/G4	High	1.9976	30	30	100.00%	59802	TRUE
ERR11506700	Mlw	KL302	G1/G4	Moderate	1.8291	33	34	97.10%	55888	TRUE
ERR11506702	Mlw	KL302	G1/G4	Moderate	1.799	31	34	91.20%	54968	TRUE
ERR11506704	Mlw	KL127	G2/G3	High	1.9507	14	14	100.00%	27674	TRUE
ERR11506706	Mlw	KL302	G1/G4	Moderate	1.803	32	34	94.10%	55091	TRUE
ERR11506708	Mlw	KL127	G2/G3	High	1.9977	14	14	100.00%	28342	TRUE
ERR11506718	Mlw	KL136	G2/G3	High	1.9978	17	17	100.00%	42684	TRUE
ERR11506720	Mlw	KL336	G1/G4	High	1.9992	28	28	100.00%	61686	TRUE
ERR11506722	Mlw	KL380	G1/G4	Moderate	1.8675	25	25	100.00%	49330	TRUE
ERR11506726	Mlw	KL302	G1/G4	Moderate	1.8239	33	34	97.10%	55728	TRUE
ERR11506761	Mlw	KL317	G1/G4	Moderate	1.8899	31	31	100.00%	61784	TRUE
ERR11506763	Mlw	KL96	G2/G3	High	1.9991	17	17	100.00%	41016	TRUE
ERR11506765	Mlw	KL127	G2/G3	High	1.9982	14	14	100.00%	28348	TRUE
ERR11506783	Mlw	KL300	G1/G4	Moderate	1.7301	27	30	90.00%	58644	TRUE
ERR11506785	Mlw	KL301	G1/G4	Moderate	1.7379	29	33	87.90%	52664	TRUE
ERR11506787	Mlw	KL302	G1/G4	Moderate	1.8461	33	34	97.10%	56408	TRUE
ERR11506789	Mlw	KL302	G1/G4	Moderate	1.822	33	34	97.10%	55670	TRUE
ERR11506791	Mlw	KL131	G2/G3	High	1.9953	13	13	100.00%	33468	TRUE
ERR11506792	Mlw	KL302	G1/G4	Moderate	1.8394	33	34	97.10%	56202	TRUE
ERR11506794	Mlw	KL301	G1/G4	Moderate	1.8484	31	33	93.90%	56012	TRUE
ERR11506796	Mlw	KL302	G1/G4	Moderate	1.8191	33	34	97.10%	55584	TRUE
ERR11506797	Mlw	KL128	G2/G3	High	1.9874	11	11	100.00%	27366	TRUE
ERR11506814	Mlw	KL302	G1/G4	Moderate	1.8396	33	34	97.10%	56208	TRUE
ERR11506815	Mlw	KL303	G1/G4	Moderate	1.5989	36	40	90.00%	47488	TRUE
ERR11506817	Mlw	KL131	G2/G3	High	1.9953	13	13	100.00%	33468	TRUE
ERR11506818	Mlw	KL301	G1/G4	High	1.906	32	33	97.00%	57758	TRUE
ERR11506819	Mlw	KL131	G2/G3	High	1.9953	13	13	100.00%	33468	TRUE
ERR11506820	Mlw	KL2	G2/G3	High	1.9982	13	13	100.00%	33420	TRUE
ERR11506821	Mlw	KL300	G1/G4	Low	1.4128	26	30	86.70%	47890	TRUE
ERR11506822	Mlw	KL301	G1/G4	Moderate	1.8484	31	33	93.90%	56012	TRUE
ERR11506823	Mlw	KL302	G1/G4	Moderate	1.7757	31	34	91.20%	54256	TRUE
ERR11506824	Mlw	KL130	G2/G3	High	1.9843	13	13	100.00%	27544	TRUE
ERR11506825	Mlw	KL127	G2/G3	High	1.9507	14	14	100.00%	27674	TRUE
ERR11506826	Mlw	KL130	G2/G3	High	1.9847	13	13	100.00%	27550	TRUE
ERR11506827	Mlw	KL96	G2/G3	High	1.9991	17	17	100.00%	41016	TRUE
ERR11506828	Mlw	KL12	G2/G3	High	1.9996	12	12	100.00%	32058	TRUE
ERR11506846	Mlw	KL130	G2/G3	High	1.9869	13	13	100.00%	27580	TRUE
ERR11506847	Mlw	KL52	G2/G3	High	1.9987	14	14	100.00%	38370	TRUE
ERR11506848	Mlw	KL12	G2/G3	Moderate	1.822	12	12	100.00%	29210	TRUE
ERR11506849	Mlw	KL130	G2/G3	High	1.9886	13	13	100.00%	27604	TRUE
ERR11506850	Mlw	KL127	G2/G3	High	1.9982	14	14	100.00%	28348	TRUE
ERR11506851	Mlw	KL52	G2/G3	High	1.9987	14	14	100.00%	38370	TRUE
ERR11506852	Mlw	KL130	G2/G3	High	1.9527	13	13	100.00%	27106	TRUE
ERR11506853	Mlw	KL127	G2/G3	High	1.9982	14	14	100.00%	28348	TRUE
ERR11506855	Mlw	KL302	G1/G4	Moderate	1.8325	33	34	97.10%	55992	TRUE
ERR11506856	Mlw	KL301	G1/G4	Moderate	1.8482	31	33	93.90%	56006	TRUE
ERR11506857	Mlw	KL131	G2/G3	High	1.9953	13	13	100.00%	33468	TRUE
ERR11506858	Mlw	KL96	G2/G3	High	1.9988	17	17	100.00%	41010	TRUE
ERR11506859	Mlw	KL315	G1/G4	High	1.9615	33	33	100.00%	64172	TRUE
ERR11506860	Mlw	KL302	G1/G4	Moderate	1.8288	31	34	91.20%	55880	TRUE
ERR11506861	Mlw	KL24	G2/G3	Moderate	1.8406	13	13	100.00%	26118	TRUE
ERR11506878	Mlw	KL1	G2/G3	High	1.956	14	14	100.00%	30708	TRUE
ERR11506879	Mlw	KL92	G2/G3	High	1.9885	14	14	100.00%	31218	TRUE
ERR11506881	Mlw	KL127	G2/G3	High	1.998	14	14	100.00%	28346	TRUE
ERR11506882	Mlw	KL301	G1/G4	Moderate	1.8484	31	33	93.90%	56012	TRUE
ERR11506883	Mlw	KL300	G1/G4	Low	1.2338	22	30	73.30%	41822	TRUE
ERR11506884	Mlw	KL52	G2/G3	High	1.9997	14	14	100.00%	38388	TRUE
ERR11506885	Mlw	KL1	G2/G3	High	1.9992	14	14	100.00%	31386	TRUE
ERR11506887	Mlw	KL329	G1/G4	High	1.9995	44	44	100.00%	66170	TRUE
ERR11506888	Mlw	KL96	G2/G3	High	1.9991	17	17	100.00%	41016	TRUE
ERR11506889	Mlw	KL301	G1/G4	Moderate	1.8898	32	33	97.00%	57266	TRUE
ERR11506890	Mlw	KL130	G2/G3	High	1.9886	13	13	100.00%	27604	TRUE
ERR11506891	Mlw	KL127	G2/G3	High	1.9982	14	14	100.00%	28348	TRUE
ERR11506892	Mlw	KL130	G2/G3	High	1.9886	13	13	100.00%	27604	TRUE
ERR11506893	Mlw	KL52	G2/G3	High	1.9991	14	14	100.00%	38376	TRUE
ERR11506910	Mlw	KL301	G1/G4	Moderate	1.8484	31	33	93.90%	56012	TRUE
ERR11506911	Mlw	KL1	G2/G3	High	1.9981	14	14	100.00%	31368	TRUE
ERR11506912	Mlw	KL2	G2/G3	High	1.9982	13	13	100.00%	33420	TRUE
ERR11506913	Mlw	KL302	G1/G4	Moderate	1.8102	33	34	97.10%	55312	TRUE
ERR11506914	Mlw	KL302	G1/G4	Moderate	1.8063	33	34	97.10%	55192	TRUE
ERR11506915	Mlw	KL130	G2/G3	High	1.9718	13	13	100.00%	27370	TRUE
ERR11506919	Mlw	KL301	G1/G4	Moderate	1.8484	31	33	93.90%	56012	TRUE
ERR11506920	Mlw	KL7	G2/G3	High	1.9398	15	15	100.00%	33474	TRUE
ERR11506921	Mlw	KL302	G1/G4	Moderate	1.7928	33	34	97.10%	54780	TRUE
ERR11506922	Mlw	KL130	G2/G3	High	1.9718	13	13	100.00%	27370	TRUE
ERR11506924	Mlw	KL96	G2/G3	High	1.9991	17	17	100.00%	41016	TRUE
ERR11506925	Mlw	KL2	G2/G3	High	1.9978	13	13	100.00%	33414	TRUE
ERR11506943	Mlw	KL302	G1/G4	Moderate	1.7757	31	34	91.20%	54256	TRUE
ERR11506944	Mlw	KL348	G1/G4	Moderate	1.886	27	27	100.00%	55872	TRUE
ERR11506946	Mlw	KL156	G2/G3	High	1.9932	15	15	100.00%	34556	TRUE
ERR11506947	Mlw	KL12	G2/G3	High	1.9996	12	12	100.00%	32058	TRUE
ERR11506948	Mlw	KL302	G1/G4	Moderate	1.7623	31	34	91.20%	53848	TRUE
ERR11506949	Mlw	KL138	G2/G3	High	1.9993	12	12	100.00%	30056	TRUE
ERR11506951	Mlw	KL12	G2/G3	High	2	12	12	100.00%	32064	TRUE
ERR11506952	Mlw	KL365	G1/G4	High	1.9616	29	29	100.00%	55876	TRUE
ERR11506953	Mlw	KL114	G2/G3	High	1.9995	11	11	100.00%	24822	TRUE
ERR11506954	Mlw	KL301	G1/G4	Moderate	1.8484	31	33	93.90%	56012	TRUE
ERR11506955	Mlw	KL127	G2/G3	High	1.9507	14	14	100.00%	27674	TRUE
ERR11506956	Mlw	KL379	G1/G4	High	1.9944	25	25	100.00%	52436	TRUE
ERR11506957	Mlw	KL127	G2/G3	High	1.9977	14	14	100.00%	28342	TRUE
ERR11506974	Mlw	KL302	G1/G4	Moderate	1.8459	33	34	97.10%	56400	TRUE
ERR11506975	Mlw	KL117	G2/G3	High	1.9987	10	10	100.00%	27546	TRUE
ERR11506977	Mlw	KL130	G2/G3	High	1.9869	13	13	100.00%	27580	TRUE
ERR11506978	Mlw	KL130	G2/G3	High	1.9856	13	13	100.00%	27562	TRUE
ERR11506979	Mlw	KL301	G1/G4	Moderate	1.8484	31	33	93.90%	56012	TRUE
ERR11506981	Mlw	KL127	G2/G3	High	1.9982	14	14	100.00%	28348	TRUE
ERR11506982	Mlw	KL96	G2/G3	High	1.9988	17	17	100.00%	41010	TRUE
ERR11506983	Mlw	KL372	G1/G4	Moderate	1.8856	25	25	100.00%	51528	TRUE
ERR11506984	Mlw	KL381	G1/G4	Moderate	1.8894	25	25	100.00%	49518	TRUE
ERR11506985	Mlw	KL127	G2/G3	High	1.9982	14	14	100.00%	28348	TRUE
ERR11506986	Mlw	KL52	G2/G3	High	2	14	14	100.00%	38394	TRUE
ERR11506987	Mlw	KL302	G1/G4	Moderate	1.7922	31	34	91.20%	54760	TRUE
ERR11506988	Mlw	KL130	G2/G3	High	1.9882	13	13	100.00%	27598	TRUE
ERR11506989	Mlw	KL336	G1/G4	High	1.999	28	28	100.00%	61678	TRUE
ERR11507006	Mlw	KL127	G2/G3	High	1.9982	14	14	100.00%	28348	TRUE
ERR11507007	Mlw	KL302	G1/G4	Moderate	1.7803	33	34	97.10%	54396	TRUE
ERR11507008	Mlw	KL337	G1/G4	Moderate	1.6612	33	38	86.80%	47428	TRUE
ERR11507009	Mlw	KL302	G1/G4	Moderate	1.7966	31	34	91.20%	54894	TRUE
ERR11507010	Mlw	KL379	G1/G4	High	1.9332	25	25	100.00%	50828	TRUE
ERR11507011	Mlw	KL329	G1/G4	High	1.9997	44	44	100.00%	66176	TRUE
ERR11507012	Mlw	KL317	G1/G4	High	1.9306	31	31	100.00%	63114	TRUE
ERR11507013	Mlw	KL337	G1/G4	Moderate	1.619	34	38	89.50%	46224	TRUE
ERR11507014	Mlw	KL2	G2/G3	High	1.9986	13	13	100.00%	33426	TRUE
ERR11507015	Mlw	KL301	G1/G4	Moderate	1.8484	31	33	93.90%	56012	TRUE
ERR11507016	Mlw	KL96	G2/G3	High	1.9988	17	17	100.00%	41010	TRUE
ERR11507017	Mlw	KL127	G2/G3	High	1.9977	14	14	100.00%	28342	TRUE
ERR11507018	Mlw	KL302	G1/G4	Moderate	1.799	31	34	91.20%	54968	TRUE
ERR11507019	Mlw	KL303	G1/G4	Moderate	1.6005	36	40	90.00%	47536	TRUE
ERR11507020	Mlw	KL381	G1/G4	Moderate	1.8748	25	25	100.00%	49134	TRUE
ERR11507021	Mlw	KL327	G1/G4	Moderate	1.8341	33	33	100.00%	56284	TRUE
ERR11507037	Mlw	KL12	G2/G3	High	1.9996	12	12	100.00%	32058	TRUE
ERR11525319	Mlw	KL16	G2/G3	High	1.9991	11	11	100.00%	27216	TRUE
ERR11525392	Mlw	KL388	G1/G4	High	2	30	30	100.00%	63540	TRUE
ERR11525393	Mlw	KL302	G1/G4	Moderate	1.7765	31	34	91.20%	54282	TRUE
ERR11525394	Mlw	KL127	G2/G3	High	1.9986	14	14	100.00%	28354	TRUE
ERR11525395	Mlw	KL359	G1/G4	Moderate	1.8895	27	27	100.00%	52672	TRUE
ERR11525396	Mlw	KL302	G1/G4	Moderate	1.8025	33	34	97.10%	55076	TRUE
ERR11525397	Mlw	KL379	G1/G4	High	1.9948	25	25	100.00%	52448	TRUE
ERR11525398	Mlw	KL302	G1/G4	Moderate	1.8333	33	34	97.10%	56016	TRUE
ERR11525416	Mlw	KL337	G1/G4	Moderate	1.6898	33	38	86.80%	48246	TRUE
ERR11525417	Mlw	KL16	G2/G3	High	1.9991	11	11	100.00%	27216	TRUE
ERR11525418	Mlw	KL302	G1/G4	Moderate	1.8455	33	34	97.10%	56390	TRUE
ERR11525419	Mlw	KL92	G2/G3	High	1.9223	14	14	100.00%	30178	TRUE
ERR11525420	Mlw	KL303	G1/G4	Moderate	1.578	36	40	90.00%	46868	TRUE
BC0265-IDRL-AKU_S88	Pakistan	KL13	G2/G3	High	2	10	10	100.00%	26730	TRUE
BL102214-IDRL-AKU_S255	Pakistan	KL118	G2/G3	High	1.9078	12	12	100.00%	26888	TRUE
BL111559-IDRL-AKU_S100	Pakistan	KL303	G1/G4	Moderate	1.5484	36	40	90.00%	45988	TRUE
BL111928-IDRL-AKU_S99	Pakistan	KL303	G1/G4	Moderate	1.5134	35	40	87.50%	44947	TRUE
BL17663-IDRL-AKU_S92	Pakistan	KL344	G1/G4	High	1.9377	30	30	100.00%	58998	TRUE
BL22077-IDRL-AKU_S93	Pakistan	KL302	G1/G4	Moderate	1.7958	31	34	91.20%	54872	TRUE
BL2647-IDRL-AKU_S83	Pakistan	KL93	G2/G3	High	1.9335	15	15	100.00%	37146	TRUE
BL43686-IDRL-AKU_S89	Pakistan	KL302	G1/G4	Moderate	1.8178	31	34	91.20%	55542	TRUE
BL67225_S168	Pakistan	KL131	G2/G3	High	1.9953	13	13	100.00%	33468	TRUE
BL68351_S169	Pakistan	KL131	G2/G3	High	1.9953	13	13	100.00%	33468	TRUE
BL72463-IDRL-AKU_S90	Pakistan	KL302	G1/G4	Moderate	1.799	31	34	91.20%	54968	TRUE
BL91428_S171	Pakistan	KL302	G1/G4	Moderate	1.8504	33	34	97.10%	56540	TRUE
BL93491-IDRL-AKU_S253	Pakistan	KL337	G1/G4	Moderate	1.6327	34	38	89.50%	46614	TRUE
OUCRU-131	Patan	KL337	G1/G4	Moderate	1.5909	35	38	92.10%	45422	TRUE
OUCRU-34	Patan	KL329	G1/G4	High	1.9997	44	44	100.00%	66176	TRUE
OUCRU-35	Patan	KL127	G2/G3	Moderate	1.7613	13	14	92.90%	24988	TRUE
OUCRU-36	Patan	KL329	G1/G4	High	1.9997	44	44	100.00%	66176	TRUE
OUCRU-37	Patan	KL329	G1/G4	High	1.926	44	44	100.00%	63736	TRUE
OUCRU-38	Patan	KL303	G1/G4	Low	1.4517	34	40	85.00%	43115	TRUE
OUCRU-39	Patan	KL329	G1/G4	Moderate	1.897	44	44	100.00%	62776	TRUE
OUCRU-40	Patan	KL302	G1/G4	Moderate	1.748	29	34	85.30%	53410	TRUE
OUCRU-41	Patan	KL127	G2/G3	Moderate	1.8438	13	14	92.90%	26158	TRUE
OUCRU-42	Patan	KL302	G1/G4	Moderate	1.8017	33	34	97.10%	55050	TRUE
OUCRU-43	Patan	KL302	G1/G4	Moderate	1.8081	33	34	97.10%	55248	TRUE
OUCRU-44	Patan	KL302	G1/G4	Moderate	1.7964	33	34	97.10%	54888	TRUE
OUCRU-45	Patan	KL302	G1/G4	Moderate	1.7949	33	34	97.10%	54844	TRUE
OUCRU-46	Patan	KL329	G1/G4	Moderate	1.805	41	44	93.20%	59732	TRUE
OUCRU-47	Patan	KL1	G2/G3	High	1.9141	14	14	100.00%	30050	TRUE
OUCRU-48	Patan	KL302	G1/G4	Moderate	1.7949	33	34	97.10%	54842	TRUE
OUCRU-63	Patan	KL114	G2/G3	High	1.9671	11	11	100.00%	24420	TRUE
OUCRU-64	Patan	KL302	G1/G4	Moderate	1.7923	33	34	97.10%	54764	TRUE
OUCRU-65	Patan	KL302	G1/G4	Moderate	1.7923	33	34	97.10%	54764	TRUE
OUCRU-66	Patan	KL96	G2/G3	High	1.9982	17	17	100.00%	40998	TRUE
ESC_DD3617AA_AS.resul	unknown	KL12	G2/G3	High	2	12	12	100.00%	32064	TRUE
ESC_DD3618AA_AS.resul	unknown	KL313	G1/G4	High	1.903	33	33	100.00%	63754	TRUE
ESC_DD3619AA_AS.resul	unknown	KL336	G1/G4	High	1.9032	28	28	100.00%	58722	TRUE
ESC_DD3620AA_AS.resul	unknown	KL301	G1/G4	Moderate	1.5174	25	33	75.80%	45982	TRUE
ESC_DD3621AA_AS.resul	unknown	KL302	G1/G4	Moderate	1.7718	31	34	91.20%	54138	TRUE
ESC_DD3622AA_AS.resul	unknown	KL302	G1/G4	Moderate	1.8237	33	34	97.10%	55722	TRUE
ESC_DD3624AA_AS.resul	unknown	KL303	G1/G4	Moderate	1.5947	36	40	90.00%	47364	TRUE
ESC_DD3625AA_AS.resul	unknown	KL127	G2/G3	High	1.9986	14	14	100.00%	28354	TRUE
ESC_DD3626AA_AS.resul	unknown	KL96	G2/G3	High	1.9991	17	17	100.00%	41016	TRUE
ESC_DD3627AA_AS.resul	unknown	KL12	G2/G3	High	1.9996	12	12	100.00%	32058	TRUE
ESC_DD3628AA_AS.resul	unknown	KL303	G1/G4	Moderate	1.535	35	40	87.50%	45590	TRUE
ESC_DD3629AA_AS.resul	unknown	KL303	G1/G4	Low	0.8784	28	40	70.00%	26087	TRUE
ESC_DD3631AA_AS.resul	unknown	KL302	G1/G4	Moderate	1.8136	33	34	97.10%	55416	TRUE
ESC_DD3632AA_AS.resul	unknown	KL138	G2/G3	High	1.9561	12	12	100.00%	29406	TRUE
ESC_DD3633AA_AS.resul	unknown	KL302	G1/G4	Moderate	1.7888	32	34	94.10%	54658	TRUE
ESC_DD3635AA_AS.resul	unknown	KL24	G2/G3	High	1.9177	13	13	100.00%	27212	TRUE
ESC_DD3637AA_AS.resul	unknown	KL302	G1/G4	Moderate	1.783	31	34	91.20%	54480	TRUE
ESC_DD3638AA_AS.resul	unknown	KL301	G1/G4	Moderate	1.5174	25	33	75.80%	45982	TRUE
ESC_DD3639AA_AS.resul	unknown	KL138	G2/G3	High	1.9561	12	12	100.00%	29406	TRUE
ESC_DD3641AA_AS.resul	unknown	KL135	G2/G3	High	1.9981	11	11	100.00%	25848	TRUE
ESC_DD3642AA_AS.resul	unknown	KL302	G1/G4	Moderate	1.7769	31	34	91.20%	54294	TRUE
ESC_DD3644AA_AS.resul	unknown	KL96	G2/G3	High	1.9947	17	17	100.00%	40926	TRUE
ESC_DD3645AA_AS.resul	unknown	KL303	G1/G4	Low	1.384	35	40	87.50%	41104	TRUE
ESC_DD3646AA_AS.resul	unknown	KL303	G1/G4	Low	1.436	34	40	85.00%	42649	TRUE
ESC_DD3647AA_AS.resul	unknown	KL135	G2/G3	High	1.9981	11	11	100.00%	25848	TRUE
ESC_DD3648AA_AS.resul	unknown	KL302	G1/G4	Moderate	1.8481	33	34	97.10%	56468	TRUE
ESC_DD3651AA_AS.resul	unknown	KL327	G1/G4	Moderate	1.8345	33	33	100.00%	56296	TRUE
ESC_DD3652AA_AS.resul	unknown	KL302	G1/G4	Moderate	1.8027	33	34	97.10%	55082	TRUE
ESC_DD3653AA_AS.resul	unknown	KL2	G2/G3	High	1.997	13	13	100.00%	33400	TRUE
ESC_DD3654AA_AS.resul	unknown	KL2	G2/G3	High	1.9982	13	13	100.00%	33420	TRUE
ESC_DD3655AA_AS.resul	unknown	KL2	G2/G3	High	1.9975	13	13	100.00%	33408	TRUE
ESC_DD3656AA_AS.resul	unknown	KL301	G1/G4	Moderate	1.8479	31	33	93.90%	55996	TRUE
ESC_DD3657AA_AS.resul	unknown	KL128	G2/G3	High	1.9872	11	11	100.00%	27364	TRUE
ESC_DD3658AA_AS.resul	unknown	KL127	G2/G3	High	1.9969	14	14	100.00%	28330	TRUE
ESC_DD3659AA_AS.resul	unknown	KL111	G2/G3	High	1.9907	14	14	100.00%	35624	TRUE
ESC_DD3660AA_AS.resul	unknown	KL12	G2/G3	High	1.9989	12	12	100.00%	32046	TRUE
ESC_DD3661AA_AS.resul	unknown	KL332	G1/G4	High	1.9838	30	30	100.00%	59388	TRUE
ESC_DD3662AA_AS.resul	unknown	KL337	G1/G4	Moderate	1.6931	34	38	89.50%	48340	TRUE
ESC_DD3663AA_AS.resul	unknown	KL301	G1/G4	Low	1.2488	24	33	72.70%	37842	TRUE
ESC_DD3664AA_AS.resul	unknown	KL128	G2/G3	High	1.9872	11	11	100.00%	27364	TRUE
ESC_DD3665AA_AS.resul	unknown	KL303	G1/G4	Moderate	1.5755	36	40	90.00%	46792	TRUE
ESC_DD3666AA_AS.resul	unknown	KL128	G2/G3	High	1.9782	11	11	100.00%	27240	TRUE
ESC_DD3667AA_AS.resul	unknown	KL114	G2/G3	High	1.999	11	11	100.00%	24816	TRUE
ESC_DD3668AA_AS.resul	unknown	KL12	G2/G3	High	2	12	12	100.00%	32064	TRUE
ESC_DD3669AA_AS.resul	unknown	KL20	G2/G3	High	1.9994	11	11	100.00%	26734	TRUE
ESC_DD3670AA_AS.resul	unknown	KL301	G1/G4	High	1.9031	32	33	97.00%	57670	TRUE
ESC_DD3671AA_AS.resul	unknown	KL2	G2/G3	High	1.9971	13	13	100.00%	33402	TRUE
ESC_DD3672AA_AS.resul	unknown	KL302	G1/G4	Moderate	1.7835	31	34	91.20%	54496	TRUE
ESC_DD3673AA_AS.resul	unknown	KL131	G2/G3	High	1.9875	13	13	100.00%	33336	TRUE
ESC_DD3674AA_AS.resul	unknown	KL12	G2/G3	High	2	12	12	100.00%	32064	TRUE
ESC_DD3675AA_AS.resul	unknown	KL12	G2/G3	High	1.9996	12	12	100.00%	32058	TRUE
ESC_DD3676AA_AS.resul	unknown	KL301	G1/G4	Low	1.2488	24	33	72.70%	37842	TRUE
ESC_DD3677AA_AS.resul	unknown	KL96	G2/G3	High	1.9988	17	17	100.00%	41010	TRUE
ESC_DD3678AA_AS.resul	unknown	KL301	G1/G4	Moderate	1.7289	29	33	87.90%	52390	TRUE
ESC_DD3679AA_AS.resul	unknown	KL115	G2/G3	Moderate	1.8885	13	13	100.00%	31648	TRUE
ESC_DD3680AA_AS.resul	unknown	KL302	G1/G4	Moderate	1.7909	33	34	97.10%	54720	TRUE
ESC_DD3681AA_AS.resul	unknown	KL127	G2/G3	High	1.9982	14	14	100.00%	28348	TRUE
ESC_DD3682AA_AS.resul	unknown	KL302	G1/G4	Moderate	1.8172	33	34	97.10%	55526	TRUE
ESC_DD3683AA_AS.resul	unknown	KL374	G1/G4	High	1.9011	27	27	100.00%	52214	TRUE
ESC_DD3684AA_AS.resul	unknown	KL388	G1/G4	High	1.9909	30	30	100.00%	63252	TRUE
ESC_DD3685AA_AS.resul	unknown	KL315	G1/G4	Moderate	1.8862	33	33	100.00%	61708	TRUE
ESC_DD3686AA_AS.resul	unknown	KL302	G1/G4	Moderate	1.8195	33	34	97.10%	55594	TRUE
ESC_DD3687AA_AS.resul	unknown	KL301	G1/G4	Moderate	1.5174	25	33	75.80%	45982	TRUE
ESC_DD3688AA_AS.resul	unknown	KL324	G1/G4	High	1.9312	30	30	100.00%	59784	TRUE
ESC_DD3689AA_AS.resul	unknown	KL302	G1/G4	Moderate	1.7833	31	34	91.20%	54490	TRUE
ESC_DD3690AA_AS.resul	unknown	KL302	G1/G4	Moderate	1.8078	31	34	91.20%	55236	TRUE
ESC_DD3691AA_AS.resul	unknown	KL302	G1/G4	Moderate	1.8244	33	34	97.10%	55746	TRUE
ESC_DD3692AA_AS.resul	unknown	KL115	G2/G3	High	1.9996	13	13	100.00%	33510	TRUE
ESC_DD3693AA_AS.resul	unknown	KL135	G2/G3	High	1.9981	11	11	100.00%	25848	TRUE
ESC_DD3694AA_AS.resul	unknown	KL302	G1/G4	Moderate	1.8155	31	34	91.20%	55472	TRUE
ESC_DD3695AA_AS.resul	unknown	KL303	G1/G4	Low	0.6818	21	40	52.50%	20248	TRUE
ESC_DD3696AA_AS.resul	unknown	KL128	G2/G3	High	1.9872	11	11	100.00%	27364	TRUE
ESC_DD3697AA_AS.resul	unknown	KL301	G1/G4	Low	1.2488	24	33	72.70%	37842	TRUE
ESC_DD3698AA_AS.resul	unknown	KL12	G2/G3	High	2	12	12	100.00%	32064	TRUE
ESC_DD3699AA_AS.resul	unknown	KL301	G1/G4	Moderate	1.5174	25	33	75.80%	45982	TRUE
ESC_DD3700AA_AS.resul	unknown	KL2	G2/G3	High	1.955	13	13	100.00%	32698	TRUE
ESC_DD3701AA_AS.resul	unknown	KL302	G1/G4	Moderate	1.8078	33	34	97.10%	55236	TRUE
ESC_DD3702AA_AS.resul	unknown	KL337	G1/G4	Moderate	1.6811	34	38	89.50%	47996	TRUE
ESC_DD3703AA_AS.resul	unknown	KL301	G1/G4	Moderate	1.5166	25	33	75.80%	45958	TRUE
ESC_DD3704AA_AS.resul	unknown	KL302	G1/G4	Moderate	1.8426	33	34	97.10%	56302	TRUE
ESC_DD3705AA_AS.resul	unknown	KL114	G2/G3	High	1.9932	11	11	100.00%	24744	TRUE
ESC_DD3706AA_AS.resul	unknown	KL1	G2/G3	High	1.9538	14	14	100.00%	30672	TRUE
ESC_DD3707AA_AS.resul	unknown	KL332	G1/G4	High	1.9994	30	30	100.00%	59856	TRUE
ESC_DD3708AA_AS.resul	unknown	KL302	G1/G4	Moderate	1.8152	33	34	97.10%	55462	TRUE
ESC_DD3709AA_AS.resul	unknown	KL96	G2/G3	High	1.9988	17	17	100.00%	41010	TRUE
ESC_DD3710AA_AS.resul	unknown	KL329	G1/G4	High	1.9997	44	44	100.00%	66176	TRUE
ESC_DD3711AA_AS.resul	unknown	KL301	G1/G4	Moderate	1.8033	27	33	81.80%	54646	TRUE
ESC_DD3712AA_AS.resul	unknown	KL156	G2/G3	High	1.998	15	15	100.00%	34640	TRUE
ESC_DD3713AA_AS.resul	unknown	KL329	G1/G4	High	1.9997	44	44	100.00%	66176	TRUE
ESC_DD3714AA_AS.resul	unknown	KL2	G2/G3	High	1.955	13	13	100.00%	32698	TRUE
ESC_DD3715AA_AS.resul	unknown	KL337	G1/G4	Moderate	1.6668	34	38	89.50%	47590	TRUE
ESC_DD3716AA_AS.resul	unknown	KL329	G1/G4	High	1.9997	44	44	100.00%	66176	TRUE
ESC_DD3717AA_AS.resul	unknown	KL1	G2/G3	High	1.9557	14	14	100.00%	30702	TRUE
ESC_DD3718AA_AS.resul	unknown	KL136	G2/G3	High	1.9978	17	17	100.00%	42684	TRUE
ESC_DD3719AA_AS.resul	unknown	KL130	G2/G3	High	1.986	13	13	100.00%	27568	TRUE
ESC_DD3720AA_AS.resul	unknown	KL145	G2/G3	High	1.9909	13	13	100.00%	30120	TRUE
ESC_DD3721AA_AS.resul	unknown	KL309	G1/G4	High	1.9072	33	33	100.00%	67710	TRUE
ESC_DD3722AA_AS.resul	unknown	KL7	G2/G3	High	1.9465	15	15	100.00%	33588	TRUE
ESC_DD3723AA_AS.resul	unknown	KL127	G2/G3	High	1.9977	14	14	100.00%	28342	TRUE
ESC_DD3724AA_AS.resul	unknown	KL337	G1/G4	Moderate	1.682	34	38	89.50%	48024	TRUE
ESC_DD3725AA_AS.resul	unknown	KL96	G2/G3	High	1.9988	17	17	100.00%	41010	TRUE
ESC_DD3726AA_AS.resul	unknown	KL7	G2/G3	High	1.9465	15	15	100.00%	33588	TRUE
ESC_DD3727AA_AS.resul	unknown	KL156	G2/G3	High	1.998	15	15	100.00%	34640	TRUE
ESC_DD3728AA_AS.resul	unknown	KL127	G2/G3	High	1.9507	14	14	100.00%	27674	TRUE
ESC_DD3730AA_AS.resul	unknown	KL138	G2/G3	High	1.9561	12	12	100.00%	29406	TRUE
ESC_DD3731AA_AS.resul	unknown	KL337	G1/G4	Moderate	1.6741	34	38	89.50%	47798	TRUE
ESC_DD3732AA_AS.resul	unknown	KL20	G2/G3	High	1.9994	11	11	100.00%	26734	TRUE
ESC_DD3733AA_AS.resul	unknown	KL308	G1/G4	Moderate	1.5576	41	50	82.00%	56488	TRUE
ESC_DD3734AA_AS.resul	unknown	KL303	G1/G4	Low	1.4213	35	40	87.50%	42214	TRUE
ESC_DD3735AA_AS.resul	unknown	KL301	G1/G4	Low	1.2667	24	33	72.70%	38386	TRUE
ESC_WC6654AA_AS.resul	unknown	KL329	G1/G4	Moderate	1.7532	39	44	88.60%	58018	TRUE
ESC_WC6655AA_AS.resul	unknown	KL127	G2/G3	High	1.9187	14	14	100.00%	27220	TRUE
ESC_WC6656AA_AS.resul	unknown	KL7	G2/G3	High	1.9948	15	15	100.00%	34422	TRUE
ESC_WC6664AA_AS.resul	unknown	KL118	G2/G3	High	1.9611	12	12	100.00%	27640	TRUE
ESC_WC6665AA_AS.resul	unknown	KL302	G1/G4	Moderate	1.8112	33	34	97.10%	55342	TRUE
ESC_WC6666AA_AS.resul	unknown	KL24	G2/G3	Moderate	1.8578	13	13	100.00%	26362	TRUE
ESC_WC6667AA_AS.resul	unknown	KL303	G1/G4	Low	1.4599	35	40	87.50%	43358	TRUE
ESC_WC6668AA_AS.resul	unknown	KL329	G1/G4	High	1.9995	44	44	100.00%	66170	TRUE
ESC_WC6669AA_AS.resul	unknown	KL12	G2/G3	High	1.9838	12	12	100.00%	31804	TRUE
ESC_WC6672AA_AS.resul	unknown	KL52	G2/G3	Moderate	1.8583	14	14	100.00%	35674	TRUE
ESC_WC6673AA_AS.resul	unknown	KL302	G1/G4	Moderate	1.7799	33	34	97.10%	54384	TRUE
ESC_WC6674AA_AS.resul	unknown	KL302	G1/G4	Moderate	1.7533	31	34	91.20%	53572	TRUE
ESC_WC6675AA_AS.resul	unknown	KL337	G1/G4	Low	1.417	29	38	76.30%	40456	TRUE
ESC_WC6676AA_AS.resul	unknown	KL117	G2/G3	High	1.9996	10	10	100.00%	27558	TRUE
ESC_WC6677AA_AS.resul	unknown	KL329	G1/G4	High	1.9997	44	44	100.00%	66176	TRUE
ESC_WC6678AA_AS.resul	unknown	KL329	G1/G4	Moderate	1.7537	39	44	88.60%	58036	TRUE
ESC_WC6679AA_AS.resul	unknown	KL127	G2/G3	High	1.969	14	14	100.00%	27934	TRUE
ESC_WC6680AA_AS.resul	unknown	KL15	G2/G3	High	1.9945	15	15	100.00%	31096	TRUE
ESC_WC6715AA_AS.resul	unknown	KL387	G1/G4	Low	1.2126	23	35	65.70%	32736	TRUE
ESC_WC6716AA_AS.resul	unknown	KL302	G1/G4	Moderate	1.7502	32	34	94.10%	53476	TRUE